,name,Gender,Ethnicity,Religion,Race,Color
0,DATASET_1,0.22833175867076982,0.03497257293058542,0.7029412762291875,0.5955202229635608,0.6314021947244007
1,DATASET_2,0.5689033034203304,0.4878345981474491,0.39458055425080796,0.8710817493785944,0.07862779465579994
2,DATASET_3,0.923425975590932,0.5979115788564165,0.32849257336745663,0.7237628842613022,0.7891856625487239
3,DATASET_4,0.5900887918972241,0.026184625351373336,0.0014992562208095972,0.2974026689760143,0.27594214175045106
