,name,Gender,Ethnicity,Religion,Race,Color
0,WIKI40B,0.3783530984300545,0.26985991083774186,0.08571280773035306,0.9245372805165033,0.8785895723308071
1,BUNDESTAG,0.8159582006773007,0.8303062885669055,0.8041206742529426,0.2909815345059661,0.19073216693613015
2,OPENSUBTITLES,0.7347875421724075,0.22967674401943494,0.2694623337800537,0.09096694126714178,0.12915716322630866
3,ONE_MILLION_POSTS,0.4193526129721059,0.51959441720111,0.5886754158716897,0.2671846585312718,0.3785906233880727
